{
  "SQDY9uoDoCbNq7F3HAHYYQZbrUzpKxDtdWLvYcqBLak": {
    "v": null,
    "fees": 0.0004,
    "feesUsd": 0
  },
  "KEVpg4SYCVrqFxKijQH6hm4QxsRdoE51ud64bEEFUC9": {
    "v": 0,
    "fees": 0.0004,
    "feesUsd": 0
  },
  "SEQV6QiTpvTzrceiaYg9Avnwf7oc8ZALpnQMz6TyT4A": {
    "v": 0,
    "fees": 0.0004,
    "feesUsd": 0
  },
  "SATqdxinH3vFiJBKv3JA6MuCXweEXr6UV1aRcvGjLD5": {
    "v": 0,
    "fees": 0.0004,
    "feesUsd": 0
  },
  "BSCc2UgHMGZcr4gdTBZcDvf7HcjVdfBDrW7gMnaqSDkx": {
    "v": null,
    "fees": 0.0004,
    "feesUsd": 0
  },
  "BSCNHw8CmxbZ8hCWWzMf5FaG2ajPT6JxfznKUNuRVrn4": {
    "v": 20.4101160242298,
    "fees": 0.0004,
    "feesUsd": 0.00816404640969192
  },
  "BSCrK1Nx9PXU9mF7STWWBqeHLxmtJDr9h7jheEy4tAWX": {
    "v": 35.57648157622742,
    "fees": 0.0004,
    "feesUsd": 0.01423059263049097
  },
  "BSC8REUo9LpiiWUuqMuLXs2D2yJsJfGd4HdiF3wCLxk5": {
    "v": 1195.4814588928382,
    "fees": 0.0004,
    "feesUsd": 0.4781925835571353
  },
  "BSCuChvaSj9b5HUSqgDVRzcnr2sSn7cXaamt1jbKH6hn": {
    "v": 0,
    "fees": 0.0004,
    "feesUsd": 0
  },
  "FREDEGdjoEe5DiyVnEvSyDAX4h7LWTg7ZkSMaZiWskbp": {
    "v": null,
    "fees": 0.0004,
    "feesUsd": 0
  },
  "moFiBS1R4Lf3E3zzmBPnw3NF4RhWPkhREFviuzUaCAU": {
    "v": 0,
    "fees": 0.0004,
    "feesUsd": 0
  },
  "CSPcADsTSETVpGAYFnb1oEc9z9qPjC987powM59bnSF3": {
    "v": null,
    "fees": 0.0004,
    "feesUsd": 0
  },
  "ACUSESXyNnwRLAg1dpSGMLSzUDdLjUMybY8rkXiAKhCP": {
    "v": 0.9775619131327398,
    "fees": 0.0004,
    "feesUsd": 0.00039102476525309593
  },
  "DA1mL7dfBow33EH5yjUuZE6SH2KeUK5zEXzsyhE5r5j5": {
    "v": 28.2833357758251,
    "fees": 0.0004,
    "feesUsd": 0.01131333431033004
  },
  "ALLwa5WNZbvQsRKAqe1jdRGemdYQnW8E5k4msbRFcYtu": {
    "v": 225.87933056598484,
    "fees": 0.0004,
    "feesUsd": 0.09035173222639394
  },
  "WiiQFxXqp8P9Fs1rt9SVcDyA3KUdJmUsog6wnVQAwba": {
    "v": 728.2531802589053,
    "fees": 0.0001,
    "feesUsd": 0.07282531802589054
  },
  "TETFuZgEmET6d9vYmz9iMFCxK1jKdKYxf3oPz8hSzJK": {
    "v": 0,
    "fees": 0.0004,
    "feesUsd": 0
  },
  "FTMBUCDa3UxVmLQwssSj2MWYUrQiyGHXqu2ZqQbaDJqk": {
    "v": 0,
    "fees": 0.0004,
    "feesUsd": 0
  },
  "FTMFgXfkDwZ6gvuyjsNnDZnf9pU31uRGeQe38QvvHtPh": {
    "v": null,
    "fees": 0.0004,
    "feesUsd": 0
  },
  "FTM4CxWEZg5CxSieP5dS8gfSvfKt7kRAtn6m7BAjNUN3": {
    "v": null,
    "fees": 0.0004,
    "feesUsd": 0
  },
  "FTMDfFPjYWvSsDXMGR8Mdt4fLjDtSDwfz7GAqe5V6qwq": {
    "v": 0,
    "fees": 0.0004,
    "feesUsd": 0
  },
  "AUS3TCHxzec2Sf1jUhvmTGWo3oLXW1zxrDPYBBvjKtEq": {
    "v": 23.54854605965888,
    "fees": 0.0004,
    "feesUsd": 0.009419418423863552
  },
  "HBTCrEkrCftRrXHZgSHQxRJTxG7TZ1DkC3Lq6UZiVg8E": {
    "v": null,
    "fees": 0.0004,
    "feesUsd": 0
  },
  "AUSejoEUCh2DBs9mof6BNC8Pubs22w4cJa1ccV9h44R": {
    "v": 613.812901,
    "fees": 0.0001,
    "feesUsd": 0.061381290100000006
  },
  "ALBpShJ9NLpE739pcHDF2LNVk5J4VYPvvKuV6jMPitZi": {
    "v": 0,
    "fees": 0.0004,
    "feesUsd": 0
  },
  "AURHmCnNwiW4uA2Qj1XvEh4iKgRUZYXtiY7FKAapUV5Y": {
    "v": 0.9951365245936753,
    "fees": 0.0004,
    "feesUsd": 0.00039805460983747014
  },
  "ZoNxMdmUi6NAhBUGsBsZ751oDgqK863KXTNnQQ1HCkD": {
    "v": null,
    "fees": 0.0004,
    "feesUsd": 0
  },
  "DouVMTbFTjafGAvXjUUZ2hZZbcGFsYXhH5x7GejyQmjT": {
    "v": null,
    "fees": 0.0004,
    "feesUsd": 0
  },
  "3nesbuhAwCMGtsyypYtg4oRPwJ3FmHnytC5bqskhPh1x": {
    "v": null,
    "fees": 0.0004,
    "feesUsd": 0
  },
  "STK75uPSyBnEhGTTzb1nwmP3n427XoXmfRhXxxhyady": {
    "v": 175.80791363507535,
    "fees": 0.0001,
    "feesUsd": 0.017580791363507535
  },
  "FLMk9DsznFvjQPQ1avBVbfX1VyWknUpxFJ7T15eoFef2": {
    "v": 0,
    "fees": 0.0004,
    "feesUsd": 0
  },
  "7aYFq6XKZYippQER9sVbCZS2KEPkR4XW7s5ZvPY9R6RM": {
    "v": 315.27786047007385,
    "fees": 0.0001,
    "feesUsd": 0.031527786047007386
  },
  "HThqwYZdKSWTvpqWGs7gfFMKLL4hyYnXVor4bnu4c4k3": {
    "v": 0,
    "fees": 0.0001,
    "feesUsd": 0
  },
  "H5xvm23yMWMvXCXsvLD5tXtdc4y4fpu3nnRbsWUybcjH": {
    "v": 0,
    "fees": 0.0004,
    "feesUsd": 0
  },
  "BkwbeSfcX1h4thMDd7obGkHrPevf3QwgzJ4pCEqG18Lu": {
    "v": 0,
    "fees": 0.0004,
    "feesUsd": 0
  },
  "BkMBnJpvHKtWhUvrgRrLesXfi9RUV3ELgdBaJcdH7hcY": {
    "v": 0,
    "fees": 0.0004,
    "feesUsd": 0
  },
  "C98Sspw7XqnMsgxea3SLQVdbMDL8pKUc3RE82UvX9eq2": {
    "v": 3.9372746092641897,
    "fees": 0.0004,
    "feesUsd": 0.001574909843705676
  },
  "BerKDkt6v49dT1bHRedgnpsJS263C1DSJtEGvY9Mg35V": {
    "v": 0,
    "fees": 0.0004,
    "feesUsd": 0
  },
  "CASNrsSdASV1eyEca4mnEwhMqjANkyRLnF5kEGoorBX2": {
    "v": null,
    "fees": 0.0004,
    "feesUsd": 0
  },
  "FMFdmexvUSwby1Y2xiVr76mKwDQ3M3aTZ5kFCrsBc819": {
    "v": 0,
    "fees": 0.0004,
    "feesUsd": 0
  },
  "4xeRVccqvUgiV6VeF6NkWqkAYeewcJPRWFVginvJw1n4": {
    "v": null,
    "fees": 0.0004,
    "feesUsd": 0
  },
  "BJo5DwH4YWExpZ1Zu1FdZaM6jcqHwXSR5DkHBEwb3AbM": {
    "v": 93.6494408399315,
    "fees": 0.0001,
    "feesUsd": 0.009364944083993151
  },
  "SERgf3DMJpQxUifu7VoFKmfne73d2fDJxSrxUMrcNJB": {
    "v": 0,
    "fees": 0.0001,
    "feesUsd": 0
  },
  "DEDaBEWzMCXohXYXoLzB4jK1xqMsd3SS9izXp2xvg9pe": {
    "v": 0,
    "fees": 0.0004,
    "feesUsd": 0
  },
  "FEiWZLDDFthHtFHhavYwdmF8RThgTNt8vzBqAwV4hTar": {
    "v": null,
    "fees": 0.0004,
    "feesUsd": 0
  },
  "FEiKCCNftXbfmTfSaoVV2baXAnfTQRP8RrkUMEnxrYnK": {
    "v": 2.3493448757029576,
    "fees": 0.0004,
    "feesUsd": 0.0009397379502811831
  },
  "ZUCKWFa4LTL833dPhhpeeRWZcaAEoMeYJPi2iKn4F8N": {
    "v": 0.8122001610739918,
    "fees": 0.0004,
    "feesUsd": 0.00032488006442959674
  },
  "ZUCKP2rbfTojHnuKUkzCozccxVUWR5DBTL9QbPf9YLv": {
    "v": null,
    "fees": 0.0004,
    "feesUsd": 0
  },
  "SAMyS8Jr2HJrkFwYVKbpUwsNStnQmvz3f8Tup8bWUWF": {
    "v": 14.805288291638018,
    "fees": 0.0004,
    "feesUsd": 0.005922115316655208
  },
  "SBFjafzbDXgDRsA5SUypY8FXjJ9sBdb4JbuQq2PHQDG": {
    "v": 0,
    "fees": 0.0004,
    "feesUsd": 0
  },
  "DJUn4vhv4YQHhDRfxmLtu7f8sGnZpgnKG5GHzA7wFPB9": {
    "v": null,
    "fees": 0.0004,
    "feesUsd": 0
  },
  "8MgrW6UFJRuZMNA44286yL8hCYmsmEvSfBZ5Zv5q6rVe": {
    "v": 0.10102553054225262,
    "fees": 0.0001,
    "feesUsd": 0.000010102553054225262
  },
  "MNkYtBe2HtgL15osfaMmyqNW3vo4J399FXXCS4a39Wf": {
    "v": 7.014984542601185,
    "fees": 0.0004,
    "feesUsd": 0.0028059938170404745
  },
  "SAVEEos8BnE9mgk8fw6yV22Ffk1eeHEJq95ewErUhbT": {
    "fees": 0.0004,
    "feesUsd": null
  },
  "BDGnasCnLUuqHVpHipGuevAsnHuMsBLya1RZSo4ZzMUF": {
    "v": null,
    "fees": 0.0004,
    "feesUsd": 0
  },
  "JSoLLrxK5bYdHwTEWYaGgmeycBCNXKDiBCTw5hXGBg7": {
    "v": 111.59204917054704,
    "fees": 0.0004,
    "feesUsd": 0.04463681966821882
  },
  "DjwR6TuqVQB8tWMLNwKSnSG6k5WjXUBTRHn6s1YFhVQf": {
    "v": null,
    "fees": 0.0004,
    "feesUsd": 0
  },
  "4EFeyTtMZZnAv3ZPs2jvps1T1J1JykbpyizrWjBQcA1S": {
    "v": null,
    "fees": 0.0004,
    "feesUsd": 0
  },
  "DFWzVTzNBrQZLjoQ4yQwkj9HuoXmfkuZP9V5vbymZe23": {
    "v": 11.666071057235694,
    "fees": 0.0004,
    "feesUsd": 0.004666428422894278
  },
  "HDSBGqAuMRr6X2AfmmbXQPpRgU6VEhtfNVVZ3wUTZXg": {
    "v": null,
    "fees": 0.0004,
    "feesUsd": 0
  },
  "MiMx8GQKM5CaDTCKcuK9VeTdrpEvPKR4ScyhSe4kYv1": {
    "v": null,
    "fees": 0.0004,
    "feesUsd": 0
  },
  "MiMuMS9C4vBqcrYeeQPph1E7oAW9aNKvW9k6Zw9XffM": {
    "v": 0.015989300487033512,
    "fees": 0.0004,
    "feesUsd": 0.0000063957201948134055
  },
  "daob129AwBGn9Y5r91uLoWZeYiGzbPmksauMhFZKTze": {
    "v": 687.2225205681524,
    "fees": 0.0004,
    "feesUsd": 0.274889008227261
  },
  "SoNcU2iwHMw6dGzsYNQkYFkUjwN1UdAjrWVRnStrZu2": {
    "v": 131.5641076402117,
    "fees": 0.0004,
    "feesUsd": 0.05262564305608468
  },
  "Lee1XZJfJ9Hm2K1qTyeCz1LXNc1YBZaKZszvNY4KCDw": {
    "v": 107667.44308872588,
    "fees": 0.0001,
    "feesUsd": 10.766744308872589
  },
  "Cob4usZcpHEY7Qt4ZCwj6WVg9S44zvzYV2v9qYF65dTf": {
    "v": 0.3,
    "fees": 0.0004,
    "feesUsd": 0.00012
  },
  "SUiuyGR7SFq3xeRVJonq84fjjeFwRSsFekcevJ53tzy": {
    "v": 0.01700825944059329,