{
  "YAkoNb6HKmSxQN9L8hiBE5tPJRsniSSMzND1boHmZxe": {
    "c": 0.9999917872539202,
    "o": 0.9997392378425363,
    "h": 1,
    "l": 0.9997026464466249,
    "v": 1733329.932725002,
    "fees": 0.0001,
    "feesUsd": 173.3329932725002
  }
}