{
  "totalVolume": {
    "volume": 16888570.733593073,
    "feesUsd": 1803.6887847198677
  }
}