{
  "totalVolume": {
    "volume": 12113108.37686776,
    "feesUsd": 1229.8383594214326
  }
}