{
  "totalVolume": {
    "volume": 15773361.116862841,
    "feesUsd": 1668.5925695991725
  }
}