{
  "totalVolume": {
    "volume": 16793565.884820748,
    "feesUsd": 1766.8329157193573
  }
}