{
  "totalVolume": {
    "volume": 18464216.85574725,
    "feesUsd": 1913.0818656740637
  }
}