{
  "totalVolume": {
    "volume": 3007572.9304856746,
    "feesUsd": 302.1546906368363
  }
}