{
  "totalVolume": {
    "volume": 39316358.54637957,
    "feesUsd": 3940.8050266979667
  }
}