{
  "totalVolume": {
    "volume": 13136714.493274702,
    "feesUsd": 1402.159447946952
  }
}