{
  "totalVolume": {
    "volume": 10073401.834646348,
    "feesUsd": 1036.7243936595103
  }
}