{
  "totalVolume": {
    "volume": 16978027.03980954,
    "feesUsd": 1713.2405192008914
  }
}