{
  "totalVolume": {
    "volume": 16905291.911647554,
    "feesUsd": 1705.956918853974
  }
}