{
  "totalVolume": {
    "volume": 16952635.320066698,
    "feesUsd": 1710.7013482178002
  }
}