{
  "totalVolume": {
    "volume": 13638172.128058704,
    "feesUsd": 1448.6406807681315
  }
}