{
  "totalVolume": {
    "volume": 16384326.325391933,
    "feesUsd": 1662.29293883769
  }
}