{
  "totalVolume": {
    "volume": 12522614.221571857,
    "feesUsd": 1327.9186993765438
  }
}