{
  "totalVolume": {
    "volume": 20256502.842564028,
    "feesUsd": 2062.4803976603903
  }
}