{
  "totalVolume": {
    "volume": 8242731.5510476455,
    "feesUsd": 828.2489633239209
  }
}