{
  "totalVolume": {
    "volume": 4548521.483182196,
    "feesUsd": 465.77152239123706
  }
}