{
  "totalVolume": {
    "volume": 17981920.38229007,
    "feesUsd": 1877.5882540910823
  }
}