{
  "totalVolume": {
    "volume": 9510282.04302925,
    "feesUsd": 993.4442012932259
  }
}