{
  "totalVolume": {
    "volume": 16569269.564689416,
    "feesUsd": 1767.585648720151
  }
}