{
  "totalVolume": {
    "volume": 13366012.128232397,
    "feesUsd": 1338.8015046946878
  }
}