{
  "totalVolume": {
    "volume": 8337223.337374454,
    "feesUsd": 841.4896850723254
  }
}