{
  "totalVolume": {
    "volume": 17853824.9215625,
    "feesUsd": 1824.8255599340682
  }
}