{
  "totalVolume": {
    "volume": 3713833.5126760607,
    "feesUsd": 374.8575454454092
  }
}