{
  "totalVolume": {
    "volume": 20065200.625239216,
    "feesUsd": 2085.285717070904
  }
}