{
  "totalVolume": {
    "volume": 13137933.124817995,
    "feesUsd": 1343.3420752097202
  }
}