{
  "totalVolume": {
    "volume": 10954931.436401568,
    "feesUsd": 1097.8578784409965
  }
}