{
  "totalVolume": {
    "volume": 15000654.291544408,
    "feesUsd": 1517.0126934285374
  }
}