{
  "totalVolume": {
    "volume": 19222029.36543901,
    "feesUsd": 1978.8043297027664
  }
}