{
  "totalVolume": {
    "volume": 20206873.73129145,
    "feesUsd": 2056.471220610969
  }
}