{
  "totalVolume": {
    "volume": 18067718.545736868,
    "feesUsd": 1919.8074391225348
  }
}