{
  "totalVolume": {
    "volume": 16630959.78612575,
    "feesUsd": 1708.8015630593688
  }
}