{
  "totalVolume": {
    "volume": 16310225.22756943,
    "feesUsd": 1645.6014689400638
  }
}