{
  "totalVolume": {
    "volume": 16055362.128539626,
    "feesUsd": 1657.6202719138437
  }
}