{
  "totalVolume": {
    "volume": 12484018.946918193,
    "feesUsd": 1266.9358349138333
  }
}