{
  "totalVolume": {
    "volume": 11522013.950033922,
    "feesUsd": 1160.0244055468072
  }
}