{
  "totalVolume": {
    "volume": 3316426.556189228,
    "feesUsd": 333.04209502114895
  }
}