{
  "totalVolume": {
    "volume": 16704295.627974724,
    "feesUsd": 1776.8677496506937
  }
}