{
  "totalVolume": {
    "volume": 3234375.328109006,
    "feesUsd": 325.9014923250182
  }
}