{
  "totalVolume": {
    "volume": 16680279.12840288,
    "feesUsd": 1694.002124466418
  }
}