{
  "totalVolume": {
    "volume": 16006359.365970071,
    "feesUsd": 1652.664989994222
  }
}