{
  "totalVolume": {
    "volume": 4106987.5806392315,
    "feesUsd": 410.7767073189482
  }
}