{
  "totalVolume": {
    "volume": 7911197.581918977,
    "feesUsd": 798.833628002128
  }
}