{
  "totalVolume": {
    "volume": 9790703.30455374,
    "feesUsd": 1022.7119824044114
  }
}