{
  "totalVolume": {
    "volume": 3003276.643025016,
    "feesUsd": 301.72515102855994
  }
}