{
  "totalVolume": {
    "volume": 3138229.8986398093,
    "feesUsd": 317.6829748428423
  }
}