{
  "totalVolume": {
    "volume": 3479217.1497952566,
    "feesUsd": 348.3841639376518
  }
}