{
  "totalVolume": {
    "volume": 17260878.11940509,
    "feesUsd": 1771.4326093153634
  }
}