{
  "totalVolume": {
    "volume": 17514254.04374548,
    "feesUsd": 1797.0937753619269
  }
}