{
  "totalVolume": {
    "volume": 20040524.12630584,
    "feesUsd": 2048.6001984851964
  }
}