{
  "totalVolume": {
    "volume": 7832689.596899507,
    "feesUsd": 790.9824638657344
  }
}