{
  "totalVolume": {
    "volume": 16001514.073660327,
    "feesUsd": 1615.2292389266972
  }
}