{
  "totalVolume": {
    "volume": 11255675.942547156,
    "feesUsd": 1129.746106649759
  }
}