{
  "totalVolume": {
    "volume": 17499585.56388616,
    "feesUsd": 1861.754062132964
  }
}