{
  "totalVolume": {
    "volume": 4555786.213123345,
    "feesUsd": 466.4993269484838
  }
}