{
  "totalVolume": {
    "volume": 7410678.926811782,
    "feesUsd": 745.3226898025316
  }
}