{
  "totalVolume": {
    "volume": 4598916.496771325,
    "feesUsd": 479.02081937302484
  }
}