{
  "totalVolume": {
    "volume": 3194962.0371943987,
    "feesUsd": 323.3558523081708
  }
}