{
  "totalVolume": {
    "volume": 4078401.155219348,
    "feesUsd": 424.55175348767307
  }
}