{
  "totalVolume": {
    "volume": 17435335.355903376,
    "feesUsd": 1771.826054586256
  }
}