{
  "totalVolume": {
    "volume": 8039183.193564178,
    "feesUsd": 823.9592975249068
  }
}