{
  "totalVolume": {
    "volume": 20819957.901519153,
    "feesUsd": 2110.3297186071522
  }
}