{
  "totalVolume": {
    "volume": 2902559.380882209,
    "feesUsd": 290.2591020989516
  }
}