{
  "totalVolume": {
    "volume": 13440868.532854108,
    "feesUsd": 1349.9287311103415
  }
}