{
  "totalVolume": {
    "volume": 20756747.119174503,
    "feesUsd": 2143.0539148436987
  }
}