{
  "totalVolume": {
    "volume": 11385194.102489343,
    "feesUsd": 1142.699804284764
  }
}