{
  "totalVolume": {
    "volume": 8352211.891942656,
    "feesUsd": 842.9893752681583
  }
}