{
  "totalVolume": {
    "volume": 14612505.194332568,
    "feesUsd": 1544.826175503392
  }
}