{
  "totalVolume": {
    "volume": 3284156.580006368,
    "feesUsd": 330.87962455492266
  }
}