{
  "totalVolume": {
    "volume": 4228678.251948976,
    "feesUsd": 422.9457903324386
  }
}