{
  "totalVolume": {
    "volume": 15745321.475398008,
    "feesUsd": 1581.5517248978472
  }
}