{
  "totalVolume": {
    "volume": 19721973.794247538,
    "feesUsd": 2023.2512384141926
  }
}