{
  "totalVolume": {
    "volume": 40115649.31471726,
    "feesUsd": 4023.0054425010726
  }
}