{
  "totalVolume": {
    "volume": 9480081.293651585,
    "feesUsd": 952.6017136290163
  }
}