{
  "totalVolume": {
    "volume": 41425317.91468553,
    "feesUsd": 4151.373373595244
  }
}