{
  "totalVolume": {
    "volume": 22155543.464947674,
    "feesUsd": 2293.3869862085144
  }
}