{
  "totalVolume": {
    "volume": 15362783.234577177,
    "feesUsd": 1538.6093244727294
  }
}