{
  "totalVolume": {
    "volume": 11980821.40884827,
    "feesUsd": 1200.1407890293196
  }
}