{
  "totalVolume": {
    "volume": 21207280.168529794,
    "feesUsd": 2198.1185665659145
  }
}