{
  "totalVolume": {
    "volume": 14855612.970382277,
    "feesUsd": 1597.6676907323597
  }
}