{
  "totalVolume": {
    "volume": 43302469.78525008,
    "feesUsd": 4358.709699517896
  }
}