{
  "totalVolume": {
    "volume": 13622660.350495672,
    "feesUsd": 1447.0275393181096
  }
}