{
  "totalVolume": {
    "volume": 22010480.242076267,
    "feesUsd": 2278.544957816274
  }
}