{
  "totalVolume": {
    "volume": 13459484.77862559,
    "feesUsd": 1357.9108302362094
  }
}