{
  "totalVolume": {
    "volume": 15146029.546744972,
    "feesUsd": 1607.5921971655816
  }
}