{
  "totalVolume": {
    "volume": 42013900.57702296,
    "feesUsd": 4214.648383937046
  }
}