{
  "totalVolume": {
    "volume": 4303290.332566921,
    "feesUsd": 447.0357403402147
  }
}