{
  "totalVolume": {
    "volume": 36467029.14794829,
    "feesUsd": 3653.3344117844604
  }
}