{
  "totalVolume": {
    "volume": 15808509.218976265,
    "feesUsd": 1672.104471206025
  }
}