{
  "totalVolume": {
    "volume": 19947163.29380283,
    "feesUsd": 2039.199704577701
  }
}