{
  "totalVolume": {
    "volume": 4234776.916598199,
    "feesUsd": 439.40775086482586
  }
}