{
  "totalVolume": {
    "volume": 20196145.607443254,
    "feesUsd": 2094.570038491408
  }
}