{
  "totalVolume": {
    "volume": 3168110.10238059,
    "feesUsd": 318.2096613233749
  }
}