{
  "totalVolume": {
    "volume": 8729741.33644464,
    "feesUsd": 882.7905519373044
  }
}