{
  "totalVolume": {
    "volume": 15125975.567891333,
    "feesUsd": 1514.9284860457603
  }
}