{
  "totalVolume": {
    "volume": 20204624.962617055,
    "feesUsd": 2057.3068984537867
  }
}