{
  "totalVolume": {
    "volume": 11253961.944417583,
    "feesUsd": 1167.212257208467
  }
}