{
  "totalVolume": {
    "volume": 17520439.818937745,
    "feesUsd": 1797.660741599427
  }
}