{
  "totalVolume": {
    "volume": 2894458.844760508,
    "feesUsd": 289.4490446136291
  }
}