{
  "totalVolume": {
    "volume": 11432065.927952867,
    "feesUsd": 1147.3873449241487
  }
}