{
  "totalVolume": {
    "volume": 17492255.74876591,
    "feesUsd": 1794.8970489859162
  }
}