{
  "totalVolume": {
    "volume": 16511312.83904988,
    "feesUsd": 1688.8780949799298
  }
}