{
  "totalVolume": {
    "volume": 36305603.697366156,
    "feesUsd": 3637.189230467454
  }
}