{
  "totalVolume": {
    "volume": 16108919.625651907,
    "feesUsd": 1628.054064527695
  }
}