{
  "totalVolume": {
    "volume": 9148900.385188606,
    "feesUsd": 922.0190460847969
  }
}