{
  "totalVolume": {
    "volume": 42791176.281471744,
    "feesUsd": 4307.59215257886
  }
}