{
  "totalVolume": {
    "volume": 4610860.211622057,
    "feesUsd": 480.21900624031394
  }
}