{
  "totalVolume": {
    "volume": 17808348.140515875,
    "feesUsd": 1893.0999715482292
  }
}