{
  "totalVolume": {
    "volume": 16683092.023629263,
    "feesUsd": 1774.870104325359
  }
}