{
  "totalVolume": {
    "volume": 8741403.605052287,
    "feesUsd": 883.9563278412776
  }
}