{
  "totalVolume": {
    "volume": 17292269.581676267,
    "feesUsd": 1774.558377495812
  }
}