{
  "totalVolume": {
    "volume": 22528291.62755253,
    "feesUsd": 2348.64312072035
  }
}