{
  "totalVolume": {
    "volume": 15865969.408399109,
    "feesUsd": 1593.6164318099638
  }
}