{
  "totalVolume": {
    "volume": 16246062.932503005,
    "feesUsd": 1641.7604384785272
  }
}