{
  "totalVolume": {
    "volume": 10954058.310808929,
    "feesUsd": 1097.769486194542
  }
}