{
  "totalVolume": {
    "volume": 21067212.746179286,
    "feesUsd": 2138.324464740082
  }
}