{
  "totalVolume": {
    "volume": 10591939.542676307,
    "feesUsd": 1083.827215403323
  }
}