{
  "totalVolume": {
    "volume": 3237213.1145417388,
    "feesUsd": 326.1852797530016
  }
}