{
  "totalVolume": {
    "volume": 15507649.825504469,
    "feesUsd": 1584.566438439198
  }
}