{
  "totalVolume": {
    "volume": 10099070.240226116,
    "feesUsd": 1039.2934660273318
  }
}