{
  "totalVolume": {
    "volume": 22708315.898016587,
    "feesUsd": 2366.850328206121
  }
}