{
  "totalVolume": {
    "volume": 41612395.042281866,
    "feesUsd": 4174.494972280618
  }
}