{
  "totalVolume": {
    "volume": 16237904.401460191,
    "feesUsd": 1638.3840501186498
  }
}