{
  "totalVolume": {
    "volume": 16670507.446037656,
    "feesUsd": 1718.701031388203
  }
}