{
  "totalVolume": {
    "volume": 17119125.91540267,
    "feesUsd": 1740.2182070479114
  }
}