{
  "totalVolume": {
    "volume": 20040548.098801512,
    "feesUsd": 2082.875857875846
  }
}