{
  "totalVolume": {
    "volume": 9248456.399885697,
    "feesUsd": 929.5467410902459
  }
}