{
  "totalVolume": {
    "volume": 16579696.276334528,
    "feesUsd": 1695.792902172726
  }
}