{
  "totalVolume": {
    "volume": 17866341.429428782,
    "feesUsd": 1826.088338317941
  }
}