{
  "totalVolume": {
    "volume": 15189831.61348138,
    "feesUsd": 1521.31347641967
  }
}