{
  "totalVolume": {
    "volume": 10116373.953629512,
    "feesUsd": 1041.2395199263271
  }
}