{
  "totalVolume": {
    "volume": 20208019.434969652,
    "feesUsd": 2056.559885875948
  }
}