{
  "totalVolume": {
    "volume": 11520947.94199082,
    "feesUsd": 1159.539604534655
  }
}