{
  "totalVolume": {
    "volume": 17498310.48587753,
    "feesUsd": 1778.1367122443717
  }
}