{
  "totalVolume": {
    "volume": 21060731.61647873,
    "feesUsd": 2184.236719303811
  }
}