{
  "totalVolume": {
    "volume": 13412291.662946468,
    "feesUsd": 1364.4778409535866
  }
}