{
  "totalVolume": {
    "volume": 7978732.510257547,
    "feesUsd": 801.850598202361
  }
}