{
  "totalVolume": {
    "volume": 9684778.355694091,
    "feesUsd": 973.0729534905719
  }
}