{
  "totalVolume": {
    "volume": 20020785.148289625,
    "feesUsd": 2037.7721129697875
  }
}