{
  "totalVolume": {
    "volume": 13072438.881451534,
    "feesUsd": 1336.7915238703495
  }
}