{
  "totalVolume": {
    "volume": 15103514.01064433,
    "feesUsd": 1527.2986782089213
  }
}