{
  "totalVolume": {
    "volume": 20841211.82454694,
    "feesUsd": 2112.424567988868
  }
}