{
  "totalVolume": {
    "volume": 39713775.4509635,
    "feesUsd": 3980.5461045522875
  }
}