{
  "totalVolume": {
    "volume": 20050021.34197866,
    "feesUsd": 2083.5999308684845
  }
}