{
  "totalVolume": {
    "volume": 11965331.574474104,
    "feesUsd": 1279.3112766728505
  }
}