{
  "totalVolume": {
    "volume": 14420284.485766865,
    "feesUsd": 1525.571091857496
  }
}