{
  "totalVolume": {
    "volume": 17343724.247312307,
    "feesUsd": 1779.7652358596322
  }
}