{
  "totalVolume": {
    "volume": 12733123.475461675,
    "feesUsd": 1310.6052659187158
  }
}