{
  "totalVolume": {
    "volume": 2391540.4788341937,
    "feesUsd": 239.8862525553624
  }
}