{
  "totalVolume": {
    "volume": 15796580.42831431,
    "feesUsd": 1661.8351787994322
  }
}