{
  "totalVolume": {
    "volume": 15047878.681918668,
    "feesUsd": 1617.1888535524422
  }
}