{
  "totalVolume": {
    "volume": 12833888.07177087,
    "feesUsd": 1286.117684992998
  }
}