{
  "totalVolume": {
    "volume": 8345418.0907924455,
    "feesUsd": 841.6698158256554
  }
}