{
  "totalVolume": {
    "volume": 10086195.405139646,
    "feesUsd": 1037.9751432666885
  }
}