{
  "totalVolume": {
    "volume": 16199326.304731516,
    "feesUsd": 1643.792993936297
  }
}