{
  "totalVolume": {
    "volume": 10910792.706685014,
    "feesUsd": 1093.442808909751
  }
}