{
  "totalVolume": {
    "volume": 10378499.257319259,
    "feesUsd": 1039.9501766460141
  }
}