{
  "totalVolume": {
    "volume": 15794324.765702888,
    "feesUsd": 1661.6111813561092
  }
}