{
  "totalVolume": {
    "volume": 16596057.309079066,
    "feesUsd": 1705.3276514038694
  }
}