{
  "totalVolume": {
    "volume": 16471295.70381959,
    "feesUsd": 1654.4369558461233
  }
}