{
  "totalVolume": {
    "volume": 19828133.723264832,
    "feesUsd": 2070.906986620646
  }
}