{
  "totalVolume": {
    "volume": 4547966.109844471,
    "feesUsd": 465.71799352624225
  }
}