{
  "totalVolume": {
    "volume": 43030842.87275407,
    "feesUsd": 4331.558871490026
  }
}