{
  "totalVolume": {
    "volume": 13474759.919042235,
    "feesUsd": 1356.9730472959604
  }
}