{
  "totalVolume": {
    "volume": 17385007.80435367,
    "feesUsd": 1847.786084437614
  }
}