{
  "totalVolume": {
    "volume": 3006066.758586105,
    "feesUsd": 302.00416114758104
  }
}