{
  "totalVolume": {
    "volume": 14881560.312050221,
    "feesUsd": 1505.1072655110497
  }
}