{
  "totalVolume": {
    "volume": 11427062.03034625,
    "feesUsd": 1146.886957915712
  }
}