{
  "totalVolume": {
    "volume": 11855510.015969539,
    "feesUsd": 1188.295841037123
  }
}