{
  "totalVolume": {
    "volume": 3235279.168063556,
    "feesUsd": 325.9918802150679
  }
}