{
  "totalVolume": {
    "volume": 13433621.861705754,
    "feesUsd": 1349.2047160315294
  }
}