{
  "totalVolume": {
    "volume": 16849396.74672365,
    "feesUsd": 1702.02495838803
  }
}