{
  "totalVolume": {
    "volume": 18238213.537963584,
    "feesUsd": 1903.4792038102905
  }
}