{
  "totalVolume": {
    "volume": 36431197.34249697,
    "feesUsd": 3649.746486390571
  }
}