{
  "totalVolume": {
    "volume": 18360977.926418543,
    "feesUsd": 1902.5989435214042
  }
}