{
  "totalVolume": {
    "volume": 4050692.4639213886,
    "feesUsd": 405.1470332524475
  }
}