{
  "totalVolume": {
    "volume": 16864026.314555515,
    "feesUsd": 1703.4921531166146
  }
}