{
  "totalVolume": {
    "volume": 16703725.813884607,
    "feesUsd": 1776.7501452112283
  }
}