{
  "totalVolume": {
    "volume": 16433232.3396156,
    "feesUsd": 1681.0008713050483
  }
}