{
  "totalVolume": {
    "volume": 11159463.625213472,
    "feesUsd": 1157.7605427413052
  }
}