{
  "totalVolume": {
    "volume": 7517220.763918425,
    "feesUsd": 755.9785181394265
  }
}