{
  "totalVolume": {
    "volume": 3409894.2745634555,
    "feesUsd": 341.4506975108343
  }
}