{
  "totalVolume": {
    "volume": 3206173.060479792,
    "feesUsd": 324.47695991600847
  }
}