{
  "totalVolume": {
    "volume": 13429026.565529265,
    "feesUsd": 1345.2894931122335
  }
}