{
  "totalVolume": {
    "volume": 20006360.632647417,
    "feesUsd": 2036.3359642538505
  }
}