{
  "totalVolume": {
    "volume": 19230231.619856115,
    "feesUsd": 1979.532804593998
  }
}