{
  "totalVolume": {
    "volume": 3141801.67852205,
    "feesUsd": 315.5791363004562
  }
}