{
  "totalVolume": {
    "volume": 3293574.70464135,
    "feesUsd": 331.8214551283518
  }
}