{
  "totalVolume": {
    "volume": 13401928.521621738,
    "feesUsd": 1346.0342574711124
  }
}