{
  "totalVolume": {
    "volume": 4228520.514300657,
    "feesUsd": 422.93000279230944
  }
}