{
  "totalVolume": {
    "volume": 21257449.880957305,
    "feesUsd": 2194.5112798553246
  }
}