{
  "totalVolume": {
    "volume": 11442545.387616066,
    "feesUsd": 1151.701563881223
  }
}