{
  "totalVolume": {
    "volume": 11407219.45052461,
    "feesUsd": 1144.903311998143
  }
}