{
  "totalVolume": {
    "volume": 13121033.87230611,
    "feesUsd": 1400.5373914622612
  }
}