{
  "totalVolume": {
    "volume": 12808492.137456061,
    "feesUsd": 1288.0679165012298
  }
}