{
  "totalVolume": {
    "volume": 3168050.6592526413,
    "feesUsd": 318.2040683267794
  }
}