{
  "totalVolume": {
    "volume": 12803742.654849373,
    "feesUsd": 1283.103428396134
  }
}