{
  "totalVolume": {
    "volume": 21304205.516122688,
    "feesUsd": 2162.1731110955484
  }
}