{
  "totalVolume": {
    "volume": 3391628.09995426,
    "feesUsd": 340.1094597433977
  }
}