{
  "totalVolume": {
    "volume": 11611870.006176647,
    "feesUsd": 1169.0100126024806
  }
}