{
  "totalVolume": {
    "volume": 20862146.84862687,
    "feesUsd": 2114.5248546728394
  }
}