{
  "totalVolume": {
    "volume": 16644892.922516769,
    "feesUsd": 1716.1960695474352
  }
}