{
  "totalVolume": {
    "volume": 14999873.434128217,
    "feesUsd": 1516.933024096726
  }
}