{
  "totalVolume": {
    "volume": 3085173.6273080413,
    "feesUsd": 311.50708280925664
  }
}