{
  "totalVolume": {
    "volume": 8273707.646513862,
    "feesUsd": 831.3488876943063
  }
}