{
  "totalVolume": {
    "volume": 16794940.143069435,
    "feesUsd": 1694.920975062119
  }
}