{
  "totalVolume": {
    "volume": 2887710.6221602047,
    "feesUsd": 288.77421467548277
  }
}