{
  "totalVolume": {
    "volume": 8050290.525609489,
    "feesUsd": 812.7520969460855
  }
}