{
  "totalVolume": {
    "volume": 13076229.87886313,
    "feesUsd": 1396.2395953279522
  }
}