{
  "totalVolume": {
    "volume": 15385469.502348,
    "feesUsd": 1616.4629708596185
  }
}