{
  "totalVolume": {
    "volume": 15846801.953991234,
    "feesUsd": 1591.7013968202382
  }
}