{
  "totalVolume": {
    "volume": 15161046.984816546,
    "feesUsd": 1609.0603330586991
  }
}