{
  "totalVolume": {
    "volume": 3253012.7966081733,
    "feesUsd": 327.76515511136
  }
}