{
  "totalVolume": {
    "volume": 19819744.74326402,
    "feesUsd": 2070.040299008048
  }
}