{
  "totalVolume": {
    "volume": 8428659.745610945,
    "feesUsd": 849.9972218839864
  }
}