{
  "totalVolume": {
    "volume": 16088794.317513028,
    "feesUsd": 1623.9954418374634
  }
}