{
  "totalVolume": {
    "volume": 10495190.649950983,
    "feesUsd": 1051.620573681174
  }
}