{
  "totalVolume": {
    "volume": 11948849.187957902,
    "feesUsd": 1196.9434434673399
  }
}