{
  "totalVolume": {
    "volume": 11989266.933524247,
    "feesUsd": 1200.9853353344693
  }
}