{
  "totalVolume": {
    "volume": 2870486.595375626,
    "feesUsd": 289.5109667004434
  }
}