{
  "totalVolume": {
    "volume": 15454269.60970867,
    "feesUsd": 1579.1499848827066
  }
}