{
  "totalVolume": {
    "volume": 4323951.405095441,
    "feesUsd": 432.560729462093
  }
}