{
  "totalVolume": {
    "volume": 16716606.207415173,
    "feesUsd": 1717.3870706612286
  }
}