{
  "totalVolume": {
    "volume": 15277079.558020264,
    "feesUsd": 1605.5723540635677
  }
}