{
  "totalVolume": {
    "volume": 11824171.378141925,
    "feesUsd": 1185.161904906713
  }
}