{
  "totalVolume": {
    "volume": 9625077.182570986,
    "feesUsd": 967.0979608633725
  }
}