{
  "totalVolume": {
    "volume": 10600531.477078406,
    "feesUsd": 1064.3735595671346
  }
}