{
  "totalVolume": {
    "volume": 20346646.686058965,
    "feesUsd": 2109.661054485457
  }
}