{
  "totalVolume": {
    "volume": 13465874.260474216,
    "feesUsd": 1348.9742264341248
  }
}