{
  "totalVolume": {
    "volume": 10288895.150869964,
    "feesUsd": 1030.9897877039284
  }
}