{
  "totalVolume": {
    "volume": 20296596.349284783,
    "feesUsd": 2066.5177182802977
  }
}