{
  "totalVolume": {
    "volume": 16467103.918058868,
    "feesUsd": 1670.5716080899294
  }
}