{
  "totalVolume": {
    "volume": 12677533.812732045,
    "feesUsd": 1271.200600001491
  }
}