{
  "totalVolume": {
    "volume": 13348090.46720568,
    "feesUsd": 1346.7710530457914
  }
}