{
  "totalVolume": {
    "volume": 13573132.352427818,
    "feesUsd": 1380.5593718447271
  }
}