{
  "totalVolume": {
    "volume": 17449453.274229787,
    "feesUsd": 1854.2916750474349
  }
}