{
  "totalVolume": {
    "volume": 3001174.948376367,
    "feesUsd": 301.51528582461464
  }
}