{
  "totalVolume": {
    "volume": 4221356.992711414,
    "feesUsd": 422.21365872804427
  }
}