{
  "totalVolume": {
    "volume": 20197733.360018436,
    "feesUsd": 2056.628131699458
  }
}