{
  "totalVolume": {
    "volume": 8026982.802227524,
    "feesUsd": 822.7322293123447
  }
}