{
  "totalVolume": {
    "volume": 4112871.8286734195,
    "feesUsd": 427.99814259928286
  }
}