{
  "totalVolume": {
    "volume": 3079895.4338451396,
    "feesUsd": 310.9792586594135
  }
}