{
  "totalVolume": {
    "volume": 10718760.376327263,
    "feesUsd": 1076.19652756158
  }
}