{
  "totalVolume": {
    "volume": 12681676.852736209,
    "feesUsd": 1271.6123068903516
  }
}