{
  "totalVolume": {
    "volume": 8317780.561673598,
    "feesUsd": 838.9062403846261
  }
}