{
  "totalVolume": {
    "volume": 4116729.5065207505,
    "feesUsd": 428.38387612949595
  }
}