{
  "totalVolume": {
    "volume": 20860606.412363242,
    "feesUsd": 2114.3692039245684
  }
}