{
  "totalVolume": {
    "volume": 9220978.472086301,
    "feesUsd": 926.8042155853685
  }
}