{
  "totalVolume": {
    "volume": 16058768.815700736,
    "feesUsd": 1629.4753210071146
  }
}