{
  "totalVolume": {
    "volume": 4600271.914084261,
    "feesUsd": 479.1561466724544
  }
}