{
  "totalVolume": {
    "volume": 17433176.576333318,
    "feesUsd": 1852.6820064778121
  }
}