{
  "totalVolume": {
    "volume": 20721745.474686325,
    "feesUsd": 2139.1133222724693
  }
}