{
  "totalVolume": {
    "volume": 4753645.378263533,
    "feesUsd": 491.0734332392388
  }
}