{
  "totalVolume": {
    "volume": 13014719.686903212,
    "feesUsd": 1331.021057479846
  }
}