{
  "totalVolume": {
    "volume": 16644783.764757734,
    "feesUsd": 1702.3118144061002
  }
}