{
  "totalVolume": {
    "volume": 41188403.399860546,
    "feesUsd": 4127.665780702626
  }
}