{
  "totalVolume": {
    "volume": 4142293.4696396813,
    "feesUsd": 430.93460937757277
  }
}