{
  "totalVolume": {
    "volume": 11574493.54160231,
    "feesUsd": 1165.2723645915635
  }
}