{
  "totalVolume": {
    "volume": 16228980.95929546,
    "feesUsd": 1633.3092369168417
  }
}