{
  "totalVolume": {
    "volume": 9956252.638968572,
    "feesUsd": 1039.2388317281263
  }
}