{
  "totalVolume": {
    "volume": 15703382.715010062,
    "feesUsd": 1661.3977574497812
  }
}