{
  "totalVolume": {
    "volume": 12397018.816699062,
    "feesUsd": 1315.2707508932908
  }
}