{
  "totalVolume": {
    "volume": 13510590.639248213,
    "feesUsd": 1374.3045368321532
  }
}