{
  "totalVolume": {
    "volume": 15961629.435716193,
    "feesUsd": 1648.0971637372195
  }
}