{
  "totalVolume": {
    "volume": 13409528.018896405,
    "feesUsd": 1343.1532460566632
  }
}