{
  "totalVolume": {
    "volume": 42597654.167813584,
    "feesUsd": 4271.490754249248
  }
}