{
  "totalVolume": {
    "volume": 4600805.980137406,
    "feesUsd": 479.2121571960326
  }
}