{
  "totalVolume": {
    "volume": 14395553.428283677,
    "feesUsd": 1523.100460482035
  }
}