{
  "totalVolume": {
    "volume": 16691619.435519777,
    "feesUsd": 1720.8517789802834
  }
}