{
  "totalVolume": {
    "volume": 12447637.585067373,
    "feesUsd": 1320.3924082529402
  }
}