{
  "totalVolume": {
    "volume": 13772112.95943005,
    "feesUsd": 1462.1395429549864
  }
}