{
  "totalVolume": {
    "volume": 16074497.25380992,
    "feesUsd": 1631.0506358103255
  }
}