{
  "totalVolume": {
    "volume": 16887842.782014374,
    "feesUsd": 1776.3358397201184
  }
}