{
  "totalVolume": {
    "volume": 13374733.444184966,
    "feesUsd": 1339.6730619263676
  }
}