{
  "totalVolume": {
    "volume": 21303166.59196625,
    "feesUsd": 2199.123348736341
  }
}