{
  "totalVolume": {
    "volume": 12580883.207743432,
    "feesUsd": 1265.307646495975
  }
}