{
  "totalVolume": {
    "volume": 4341964.775783036,
    "feesUsd": 434.361987585694
  }
}