{
  "totalVolume": {
    "volume": 8697337.61071398,
    "feesUsd": 879.5466114831188
  }
}