{
  "totalVolume": {
    "volume": 13042094.20789242,
    "feesUsd": 1392.6773112178196
  }
}