{
  "totalVolume": {
    "volume": 12350330.456947524,
    "feesUsd": 1238.7357374472217
  }
}