{
  "totalVolume": {
    "volume": 11149012.073005008,
    "feesUsd": 1156.7155718513966
  }
}