{
  "totalVolume": {
    "volume": 8276699.413984047,
    "feesUsd": 834.8012602105197
  }
}