{
  "totalVolume": {
    "volume": 13640859.93255395,
    "feesUsd": 1387.3394138943574
  }
}