{
  "totalVolume": {
    "volume": 16593962.69672626,
    "feesUsd": 1770.0507727351267
  }
}