{
  "totalVolume": {
    "volume": 19710154.74793079,
    "feesUsd": 2081.282678599415
  }
}