{
  "totalVolume": {
    "volume": 11331729.791753609,
    "feesUsd": 1137.3541412356503
  }
}