{
  "totalVolume": {
    "volume": 4242777.300669617,
    "feesUsd": 440.20778859321905
  }
}