{
  "totalVolume": {
    "volume": 13136255.128860114,
    "feesUsd": 1402.095602354432
  }
}