{
  "totalVolume": {
    "volume": 3707702.1161841126,
    "feesUsd": 374.2444091939424
  }
}