{
  "totalVolume": {
    "volume": 16565612.865668437,
    "feesUsd": 1682.5496341257074
  }
}