{
  "totalVolume": {
    "volume": 19765519.895850193,
    "feesUsd": 2064.7238776222302
  }
}