{
  "totalVolume": {
    "volume": 15248457.293703679,
    "feesUsd": 1617.8595182544193
  }
}