{
  "totalVolume": {
    "volume": 4153760.960529269,
    "feesUsd": 415.4540901606174
  }
}