{
  "totalVolume": {
    "volume": 4229268.56548747,
    "feesUsd": 423.00480884006856
  }
}