{
  "totalVolume": {
    "volume": 16671693.41726175,
    "feesUsd": 1773.7550659518176
  }
}