{
  "totalVolume": {
    "volume": 16601625.681734286,
    "feesUsd": 1770.621129150603
  }
}