{
  "totalVolume": {
    "volume": 13418852.796040263,
    "feesUsd": 1344.2719611976643
  }
}