{
  "totalVolume": {
    "volume": 18111382.453691866,
    "feesUsd": 1890.6346171419273
  }
}