{
  "totalVolume": {
    "volume": 17320849.14574826,
    "feesUsd": 1841.7051847194566
  }
}