{
  "totalVolume": {
    "volume": 16880495.972225226,
    "feesUsd": 1714.0293790529074
  }
}