{
  "totalVolume": {
    "volume": 15001482.461185612,
    "feesUsd": 1555.7292576055338
  }
}