{
  "totalVolume": {
    "volume": 41735281.27233627,
    "feesUsd": 4186.780024817923
  }
}