{
  "totalVolume": {
    "volume": 17915616.268051457,
    "feesUsd": 1903.7895324994226
  }
}