{
  "totalVolume": {
    "volume": 16830273.321936864,
    "feesUsd": 1700.1145214142807
  }
}