{
  "totalVolume": {
    "volume": 3085330.524104978,
    "feesUsd": 311.52277239915054
  }
}