{
  "totalVolume": {
    "volume": 3283199.7072916846,
    "feesUsd": 330.78350793103687
  }
}