{
  "totalVolume": {
    "volume": 11586012.155617863,
    "feesUsd": 1166.047491637607
  }
}