{
  "totalVolume": {
    "volume": 3179713.162925447,
    "feesUsd": 319.36870576341056
  }
}