{
  "totalVolume": {
    "volume": 18412141.214065157,
    "feesUsd": 1907.9596945236053
  }
}