{
  "totalVolume": {
    "volume": 20390251.67549916,
    "feesUsd": 2114.2739400150513
  }
}