{
  "totalVolume": {
    "volume": 13235455.55777816,
    "feesUsd": 1353.167311888666
  }
}