{
  "totalVolume": {
    "volume": 14422238.55409418,
    "feesUsd": 1523.2588306326143
  }
}