{
  "totalVolume": {
    "volume": 17574265.45242217,
    "feesUsd": 1796.743014085818
  }
}