{
  "totalVolume": {
    "volume": 12822753.615524106,
    "feesUsd": 1285.0043257790612
  }
}