{
  "totalVolume": {
    "volume": 3168953.47160553,
    "feesUsd": 318.29401051898105
  }
}