{
  "totalVolume": {
    "volume": 12279407.319042224,
    "feesUsd": 1231.643692734495
  }
}