{
  "totalVolume": {
    "volume": 20030463.289212763,
    "feesUsd": 2047.5541106771107
  }
}