{
  "totalVolume": {
    "volume": 12484746.747504797,
    "feesUsd": 1267.0078134157523
  }
}