{
  "totalVolume": {
    "volume": 19609191.748957787,
    "feesUsd": 2011.9366483492827
  }
}