{
  "totalVolume": {
    "volume": 11981043.48901992,
    "feesUsd": 1200.1632472502836
  }
}