{
  "totalVolume": {
    "volume": 4091583.922982054,
    "feesUsd": 425.8700284865286
  }
}