{
  "totalVolume": {
    "volume": 3388622.9595479732,
    "feesUsd": 339.80865032104214
  }
}