{
  "totalVolume": {
    "volume": 15782471.394796908,
    "feesUsd": 1660.4651571085897
  }
}