{
  "totalVolume": {
    "volume": 11356668.991733745,
    "feesUsd": 1139.8482661190565
  }
}