{
  "totalVolume": {
    "volume": 11940651.675256368,
    "feesUsd": 1196.810855645237
  }
}