{
  "totalVolume": {
    "volume": 15344019.086762492,
    "feesUsd": 1568.0374474649996
  }
}