{
  "totalVolume": {
    "volume": 12870571.24973466,
    "feesUsd": 1294.2773631645086
  }
}