{
  "totalVolume": {
    "volume": 3275206.922519609,
    "feesUsd": 329.9842314503479
  }
}