{
  "totalVolume": {
    "volume": 13583393.24190157,
    "feesUsd": 1370.2973243344547
  }
}