{
  "totalVolume": {
    "volume": 40418591.22371172,
    "feesUsd": 4053.297066002131
  }
}