{
  "totalVolume": {
    "volume": 4346834.750732576,
    "feesUsd": 450.60565118377536
  }
}