{
  "totalVolume": {
    "volume": 18064723.747499574,
    "feesUsd": 1918.684149558385
  }
}