{
  "totalVolume": {
    "volume": 12512530.115279958,
    "feesUsd": 1254.6981788778867
  }
}