{
  "totalVolume": {
    "volume": 15950323.924518922,
    "feesUsd": 1618.6325097536844
  }
}