{
  "totalVolume": {
    "volume": 18091013.16529647,
    "feesUsd": 1888.6615566074167
  }
}