{
  "totalVolume": {
    "volume": 16131533.789315822,
    "feesUsd": 1630.3156959677997
  }
}