{
  "totalVolume": {
    "volume": 19261556.31368921,
    "feesUsd": 1989.362551968052
  }
}