{
  "totalVolume": {
    "volume": 20239225.769352198,
    "feesUsd": 2102.9976440930354
  }
}