{
  "totalVolume": {
    "volume": 15278005.451323,
    "feesUsd": 1605.6480239884963
  }
}