{
  "totalVolume": {
    "volume": 11600631.369325344,
    "feesUsd": 1167.884226782419
  }
}