{
  "totalVolume": {
    "volume": 3278758.2608668706,
    "feesUsd": 330.33935585131877
  }
}