{
  "totalVolume": {
    "volume": 17255889.763048798,
    "feesUsd": 1770.9833435958697
  }
}