{
  "totalVolume": {
    "volume": 4100842.3000401305,
    "feesUsd": 426.7952662638692
  }
}