{
  "totalVolume": {
    "volume": 3392928.4748321124,
    "feesUsd": 340.2394444090186
  }
}