{
  "totalVolume": {
    "volume": 3692058.2082959423,
    "feesUsd": 372.68001358242395
  }
}