{
  "totalVolume": {
    "volume": 16781749.39392823,
    "feesUsd": 1685.4863908376003
  }
}