{
  "totalVolume": {
    "volume": 10467620.226700654,
    "feesUsd": 1048.8626789207196
  }
}