{
  "totalVolume": {
    "volume": 3313161.306586707,
    "feesUsd": 332.7158774129125
  }
}