{
  "totalVolume": {
    "volume": 22621399.351984546,
    "feesUsd": 2358.070591817976
  }
}