{
  "totalVolume": {
    "volume": 21181106.244385246,
    "feesUsd": 2196.5523384382104
  }
}