{
  "totalVolume": {
    "volume": 9590043.635201132,
    "feesUsd": 963.5984947122556
  }
}