{
  "totalVolume": {
    "volume": 14848782.246235967,
    "feesUsd": 1486.9882362575597
  }
}