{
  "totalVolume": {
    "volume": 36339779.35444876,
    "feesUsd": 3640.6061619878774
  }
}