{
  "totalVolume": {
    "volume": 3233787.961964868,
    "feesUsd": 325.8427559934626
  }
}