{
  "totalVolume": {
    "volume": 12382830.650945984,
    "feesUsd": 1313.8740773581324
  }
}