{
  "totalVolume": {
    "volume": 21259170.96623239,
    "feesUsd": 2157.7019322367664
  }
}