{
  "totalVolume": {
    "volume": 4744180.107145976,
    "feesUsd": 490.12327506018954
  }
}