{
  "totalVolume": {
    "volume": 10126163.032614525,
    "feesUsd": 1042.2184071818492
  }
}