{
  "totalVolume": {
    "volume": 3683979.534996541,
    "feesUsd": 371.87353606336626
  }
}