{
  "totalVolume": {
    "volume": 9473960.780833699,
    "feesUsd": 989.831670628224
  }
}