{
  "totalVolume": {
    "volume": 22393443.987461377,
    "feesUsd": 2334.967489481273
  }
}