{
  "totalVolume": {
    "volume": 3399899.6742913807,
    "feesUsd": 340.93569423704565
  }
}