{
  "totalVolume": {
    "volume": 16108272.890564488,
    "feesUsd": 1667.404931518975
  }
}