{
  "totalVolume": {
    "volume": 20701484.162648126,
    "feesUsd": 2137.2712526739197
  }
}