{
  "totalVolume": {
    "volume": 15911936.246263376,
    "feesUsd": 1625.3055045794197
  }
}