{
  "totalVolume": {
    "volume": 21026988.80183375,
    "feesUsd": 2179.979825510737
  }
}