{
  "totalVolume": {
    "volume": 8355061.065150898,
    "feesUsd": 843.2779211118625
  }
}