{
  "totalVolume": {
    "volume": 17432571.810439862,
    "feesUsd": 1788.4117405937832
  }
}