{
  "totalVolume": {
    "volume": 2871236.5344779324,
    "feesUsd": 289.58595836759145
  }
}