{
  "totalVolume": {
    "volume": 9169175.70978684,
    "feesUsd": 921.6198842208869
  }
}