{
  "totalVolume": {
    "volume": 12826937.230510233,
    "feesUsd": 1285.4216365115813
  }
}