{
  "totalVolume": {
    "volume": 17489260.15861343,
    "feesUsd": 1777.2282230807643
  }
}