{
  "totalVolume": {
    "volume": 16117434.843063477,
    "feesUsd": 1626.8172761530404
  }
}