{
  "totalVolume": {
    "volume": 10286315.471267812,
    "feesUsd": 1058.1357563975055
  }
}