{
  "totalVolume": {
    "volume": 3302634.107425839,
    "feesUsd": 331.6631512855606
  }
}