{
  "totalVolume": {
    "volume": 12500285.634704234,
    "feesUsd": 1253.4737306149507
  }
}