{
  "totalVolume": {
    "volume": 16003888.96077602,
    "feesUsd": 1656.911656169669
  }
}