{
  "totalVolume": {
    "volume": 2870595.0374443205,
    "feesUsd": 289.5218092336077
  }
}