{
  "totalVolume": {
    "volume": 4767100.607255295,
    "feesUsd": 492.4137438266915
  }
}