{
  "totalVolume": {
    "volume": 4283907.539808832,
    "feesUsd": 428.5562746696499
  }
}