{
  "totalVolume": {
    "volume": 19716064.17955733,
    "feesUsd": 2081.8495202222516
  }
}