{
  "totalVolume": {
    "volume": 19720014.34979091,
    "feesUsd": 2082.1901565353105
  }
}