{
  "totalVolume": {
    "volume": 7355622.354720987,
    "feesUsd": 739.8191324461742
  }
}