{
  "totalVolume": {
    "volume": 15891761.052416535,
    "feesUsd": 1604.2516180584562
  }
}