{
  "totalVolume": {
    "volume": 15236896.679746475,
    "feesUsd": 1636.5685970610068
  }
}