{
  "totalVolume": {
    "volume": 16066510.07451976,
    "feesUsd": 1630.2471250248577
  }
}