{
  "totalVolume": {
    "volume": 12324805.243303102,
    "feesUsd": 1236.1839140214947
  }
}