{
  "totalVolume": {
    "volume": 16389125.205488844,
    "feesUsd": 1664.888173714461
  }
}