{
  "totalVolume": {
    "volume": 10130469.653955096,
    "feesUsd": 1042.5485111696876
  }
}