{
  "totalVolume": {
    "volume": 8271382.912049792,
    "feesUsd": 831.1153612324633
  }
}