{
  "totalVolume": {
    "volume": 12836104.771036679,
    "feesUsd": 1286.3394912227013
  }
}