{
  "totalVolume": {
    "volume": 21968885.316773206,
    "feesUsd": 2274.479101133045
  }
}