{
  "totalVolume": {
    "volume": 40638236.13534258,
    "feesUsd": 4075.2650297921573
  }
}