{
  "totalVolume": {
    "volume": 3098169.755136282,
    "feesUsd": 312.8066973392087
  }
}