{
  "totalVolume": {
    "volume": 3395985.2064142674,
    "feesUsd": 340.05997694417715
  }
}