{
  "totalVolume": {
    "volume": 11438039.525839673,
    "feesUsd": 1147.9822203384053
  }
}