{
  "totalVolume": {
    "volume": 10816461.61152083,
    "feesUsd": 1085.9677210445725
  }
}