{
  "totalVolume": {
    "volume": 16572162.041238286,
    "feesUsd": 1708.7496122628552
  }
}