{
  "totalVolume": {
    "volume": 16572918.132382896,
    "feesUsd": 1767.681440661495
  }
}