{
  "totalVolume": {
    "volume": 10700806.34594661,
    "feesUsd": 1094.7138501472234
  }
}