{
  "totalVolume": {
    "volume": 15726365.670459187,
    "feesUsd": 1663.7015065816354
  }
}