{
  "totalVolume": {
    "volume": 3208041.865425372,
    "feesUsd": 324.6624666646692
  }
}