{
  "totalVolume": {
    "volume": 12296931.53273099,
    "feesUsd": 1233.3964211430696
  }
}