{
  "totalVolume": {
    "volume": 20977591.604178604,
    "feesUsd": 2181.8973684245157
  }
}