{
  "totalVolume": {
    "volume": 18385243.84683754,
    "feesUsd": 1905.2235430341025
  }
}