{
  "totalVolume": {
    "volume": 12771380.317575883,
    "feesUsd": 1314.4260516292188
  }
}