{
  "totalVolume": {
    "volume": 12778975.885407375,
    "feesUsd": 1315.1882598559603
  }
}