{
  "totalVolume": {
    "volume": 18367816.095309954,
    "feesUsd": 1865.146218230837
  }
}