{
  "totalVolume": {
    "volume": 3292238.1043689903,
    "feesUsd": 330.6233180116077
  }
}