{
  "totalVolume": {
    "volume": 18031853.304613326,
    "feesUsd": 1915.0870258727487
  }
}