{
  "totalVolume": {
    "volume": 13464690.708371941,
    "feesUsd": 1352.3115274303934
  }
}