{
  "totalVolume": {
    "volume": 9840243.74728036,
    "feesUsd": 1027.64383939879
  }
}