{
  "totalVolume": {
    "volume": 17646831.11400343,
    "feesUsd": 1797.7062831587978
  }
}