{
  "totalVolume": {
    "volume": 21091929.999196146,
    "feesUsd": 2140.7993518862636
  }
}