{
  "totalVolume": {
    "volume": 42395566.7528063,
    "feesUsd": 4251.013343619648
  }
}