{
  "totalVolume": {
    "volume": 11189418.862811688,
    "feesUsd": 1160.758566675308
  }
}