{
  "totalVolume": {
    "volume": 41805262.92864447,
    "feesUsd": 4193.782141081633
  }
}