{
  "totalVolume": {
    "volume": 7889662.298860882,
    "feesUsd": 796.6800386704117
  }
}