{
  "totalVolume": {
    "volume": 17652511.164541192,
    "feesUsd": 1804.6304492709453
  }
}