{
  "totalVolume": {
    "volume": 39682853.520440504,
    "feesUsd": 3977.4551278335452
  }
}