{
  "totalVolume": {
    "volume": 16725966.362668348,
    "feesUsd": 1679.9106578134626
  }
}