{
  "totalVolume": {
    "volume": 16054534.401151257,
    "feesUsd": 1629.052598909933
  }
}