{
  "totalVolume": {
    "volume": 4050950.0832367768,
    "feesUsd": 405.1728078643089
  }
}