{
  "totalVolume": {
    "volume": 16713548.179760262,
    "feesUsd": 1777.789685987799
  }
}