{
  "totalVolume": {
    "volume": 13748540.94733168,
    "feesUsd": 1459.800808310514
  }
}