{
  "totalVolume": {
    "volume": 2891331.537294763,
    "feesUsd": 289.13631556951026
  }
}