{
  "totalVolume": {
    "volume": 4308566.902191716,
    "feesUsd": 447.5634036278859
  }
}