{
  "totalVolume": {
    "volume": 16912240.577642854,
    "feesUsd": 1698.5322064493787
  }
}