{
  "totalVolume": {
    "volume": 15767685.312520064,
    "feesUsd": 1658.9205533405316
  }
}