{
  "totalVolume": {
    "volume": 15081138.59014925,
    "feesUsd": 1620.627689522991
  }
}