{
  "totalVolume": {
    "volume": 21095637.735350125,
    "feesUsd": 2186.877236788712
  }
}