{
  "totalVolume": {
    "volume": 21218835.38624875,
    "feesUsd": 2200.2182656403284
  }
}