{
  "totalVolume": {
    "volume": 4531865.576344394,
    "feesUsd": 464.10591539827584
  }
}