{
  "totalVolume": {
    "volume": 42525899.74978251,
    "feesUsd": 4264.321961782784
  }
}