{
  "totalVolume": {
    "volume": 15782283.765376128,
    "feesUsd": 1630.1503079717083
  }
}