{
  "totalVolume": {
    "volume": 8330429.308054285,
    "feesUsd": 840.809593483835
  }
}