{
  "totalVolume": {
    "volume": 3402716.734279004,
    "feesUsd": 340.7330665610739
  }
}