{
  "totalVolume": {
    "volume": 10835836.602736982,
    "feesUsd": 1085.9482927851373
  }
}