{
  "totalVolume": {
    "volume": 2379687.5583538096,
    "feesUsd": 238.70093464711712
  }
}