{
  "totalVolume": {
    "volume": 3163906.826655924,
    "feesUsd": 317.78806109733705
  }
}