{
  "totalVolume": {
    "volume": 19606111.75370823,
    "feesUsd": 2011.6232374974418
  }
}