{
  "totalVolume": {
    "volume": 16837318.32835419,
    "feesUsd": 1798.5954361850286
  }
}