{
  "totalVolume": {
    "volume": 4026277.4517777916,
    "feesUsd": 402.70552819403304
  }
}