{
  "totalVolume": {
    "volume": 3279635.6412320514,
    "feesUsd": 330.4275085787104
  }
}