{
  "totalVolume": {
    "volume": 9207951.669958279,
    "feesUsd": 927.9242506604049
  }
}