{
  "totalVolume": {
    "volume": 9475887.526826838,
    "feesUsd": 989.9713309491513
  }
}