{
  "totalVolume": {
    "volume": 8744354.036904283,
    "feesUsd": 884.2518414699096
  }
}