{
  "totalVolume": {
    "volume": 16294332.7139051,
    "feesUsd": 1653.2961156771605
  }
}