{
  "totalVolume": {
    "volume": 16816958.518745862,
    "feesUsd": 1792.1189458388862
  }
}