{
  "totalVolume": {
    "volume": 18047356.211039305,
    "feesUsd": 1917.5798495646404
  }
}