{
  "totalVolume": {
    "volume": 18590311.373961315,
    "feesUsd": 1887.4036183532862
  }
}