{
  "totalVolume": {
    "volume": 7594879.66156336,
    "feesUsd": 763.7447227694731
  }
}