{
  "totalVolume": {
    "volume": 9453423.992277594,
    "feesUsd": 987.7263597009928
  }
}