{
  "totalVolume": {
    "volume": 9180825.832324276,
    "feesUsd": 925.2116132928946
  }
}