{
  "totalVolume": {
    "volume": 18275220.22012001,
    "feesUsd": 1855.8859841890026
  }
}