{
  "totalVolume": {
    "volume": 12479774.299888559,
    "feesUsd": 1266.5103089663282
  }
}