{
  "totalVolume": {
    "volume": 16822344.61620168,
    "feesUsd": 1797.0446689918122
  }
}