{
  "totalVolume": {
    "volume": 21219105.82209835,
    "feesUsd": 2190.786175385197
  }
}