{
  "totalVolume": {
    "volume": 42458335.48101206,
    "feesUsd": 4274.327010646737
  }
}