{
  "totalVolume": {
    "volume": 40235356.904390074,
    "feesUsd": 4032.709313396508
  }
}