{
  "totalVolume": {
    "volume": 21365159.488736548,
    "feesUsd": 2205.2903620281977
  }
}