{
  "totalVolume": {
    "volume": 16684043.748068733,
    "feesUsd": 1713.8721323598672
  }
}