{
  "totalVolume": {
    "volume": 4351638.780828292,
    "feesUsd": 435.3294042180985
  }
}