{
  "totalVolume": {
    "volume": 20309506.69764227,
    "feesUsd": 2106.0933979782685
  }
}