{
  "totalVolume": {
    "volume": 4297993.75852946,
    "feesUsd": 446.506079595572
  }
}