{
  "totalVolume": {
    "volume": 16925246.688050177,
    "feesUsd": 1780.1013568527405
  }
}