{
  "totalVolume": {
    "volume": 15759909.380962258,
    "feesUsd": 1583.0109502806913
  }
}