{
  "totalVolume": {
    "volume": 19708396.089311305,
    "feesUsd": 2081.158329185033
  }
}