{
  "totalVolume": {
    "volume": 10625283.653625088,
    "feesUsd": 1087.1616614549716
  }
}