{
  "totalVolume": {
    "volume": 4104349.7301367163,
    "feesUsd": 410.5129228627727
  }
}