{
  "totalVolume": {
    "volume": 12435736.90146336,
    "feesUsd": 1280.8546141591307
  }
}