{
  "totalVolume": {
    "volume": 2877192.4634372685,
    "feesUsd": 290.1815610884334
  }
}