{
  "totalVolume": {
    "volume": 22056299.356843874,
    "feesUsd": 2283.2639869349787
  }
}