{
  "totalVolume": {
    "volume": 19887591.16380229,
    "feesUsd": 2039.9098280466606
  }
}