{
  "totalVolume": {
    "volume": 41592123.79543505,
    "feesUsd": 4168.042875240167
  }
}