{
  "totalVolume": {
    "volume": 17496688.153416365,
    "feesUsd": 1795.3174236534558
  }
}