{
  "totalVolume": {
    "volume": 16688302.845235264,
    "feesUsd": 1775.214659221949
  }
}