{
  "totalVolume": {
    "volume": 41281205.86582217,
    "feesUsd": 4136.951710443691
  }
}