{
  "totalVolume": {
    "volume": 13398967.443290966,
    "feesUsd": 1342.2835791632701
  }
}