{
  "totalVolume": {
    "volume": 4249500.257928612,
    "feesUsd": 440.8717374687922
  }
}