{
  "totalVolume": {
    "volume": 19617724.029883474,
    "feesUsd": 2049.619714417521
  }
}