{
  "totalVolume": {
    "volume": 4111306.8692448363,
    "feesUsd": 411.20864150755403
  }
}