{
  "totalVolume": {
    "volume": 9826987.545178553,
    "feesUsd": 1026.3079121714964
  }
}