{
  "totalVolume": {
    "volume": 21037985.341738287,
    "feesUsd": 2181.065943364197
  }
}