{
  "totalVolume": {
    "volume": 9233126.940525528,
    "feesUsd": 930.4406129230318
  }
}