{
  "totalVolume": {
    "volume": 16756202.604958724,
    "feesUsd": 1763.0973914228646
  }
}