{
  "totalVolume": {
    "volume": 20018330.424860824,
    "feesUsd": 2046.357279425305
  }
}