{
  "totalVolume": {
    "volume": 4295429.2634638585,
    "feesUsd": 446.2496278804253
  }
}