{
  "totalVolume": {
    "volume": 19224394.71893979,
    "feesUsd": 1985.6584665228693
  }
}