{
  "totalVolume": {
    "volume": 7999984.326118103,
    "feesUsd": 820.0365882692024
  }
}