{
  "totalVolume": {
    "volume": 15289063.350126134,
    "feesUsd": 1606.7668107525915
  }
}