{
  "totalVolume": {
    "volume": 9213018.945414782,
    "feesUsd": 926.009725282807
  }
}