{
  "totalVolume": {
    "volume": 12898647.828739144,
    "feesUsd": 1297.0836699985139
  }
}