{
  "totalVolume": {
    "volume": 7997949.653172758,
    "feesUsd": 819.8424901439176
  }
}