{
  "totalVolume": {
    "volume": 21120459.61552483,
    "feesUsd": 2190.2104281381007
  }
}