{
  "totalVolume": {
    "volume": 4725367.869407575,
    "feesUsd": 488.2527209438223
  }
}