{
  "totalVolume": {
    "volume": 4058216.244401532,
    "feesUsd": 405.8994187794331
  }
}