{
  "totalVolume": {
    "volume": 11733355.077289201,
    "feesUsd": 1180.7817869986495
  }
}