{
  "totalVolume": {
    "volume": 41653660.17466063,
    "feesUsd": 4177.092539748303
  }
}