{
  "totalVolume": {
    "volume": 40964035.191503644,
    "feesUsd": 4107.850995390973
  }
}