{
  "totalVolume": {
    "volume": 18288208.96455986,
    "feesUsd": 1857.1904090868427
  }
}