{
  "totalVolume": {
    "volume": 16261202.09545524,
    "feesUsd": 1640.1783317473476
  }
}