{
  "totalVolume": {
    "volume": 3172608.423176533,
    "feesUsd": 318.6600184657173
  }
}