{
  "totalVolume": {
    "volume": 3167005.552841721,
    "feesUsd": 318.0994969102196
  }
}